{"cameraMode":{"drawMode":0,"name":"Shaded","section":"Shading Mode"},"sceneLighting":false,"audioPlay":false,"sceneViewState":{"m_AlwaysRefresh":true,"showFog":true,"showSkybox":false,"showFlares":true,"showImageEffects":true,"showParticleSystems":true,"showVisualEffectGraphs":true,"m_FxEnabled":true},"in2DMode":false,"pivot":{"x":-29.430002212524415,"y":-7.097225189208984,"z":-16.361679077148439},"rotation":{"x":0.012186605483293534,"y":-0.9800774455070496,"z":0.18778635561466218,"w":0.06358987092971802},"size":1.1963504552841187,"orthographic":false}