{"cameraMode":{"drawMode":0,"name":"Shaded","section":"Shading Mode"},"sceneLighting":true,"audioPlay":false,"sceneViewState":{"m_AlwaysRefresh":true,"showFog":true,"showSkybox":true,"showFlares":true,"showImageEffects":true,"showParticleSystems":true,"showVisualEffectGraphs":true,"m_FxEnabled":true},"in2DMode":false,"pivot":{"x":10.956077575683594,"y":-7.2296271324157719,"z":13.56454086303711},"rotation":{"x":-0.007085451390594244,"y":-0.9877511858940125,"z":0.1486782431602478,"w":-0.04749460890889168},"size":1.751126766204834,"orthographic":false}